"Status","Start Time","Stop Time","Duration in ms","Parent Suite","Suite","Sub Suite","Test Class","Test Method","Name","Description"
"passed","Tue May 20 01:33:09 GMT+03:00 2025","Tue May 20 01:33:12 GMT+03:00 2025","2968","tests","test_feed_functions","TestFeedFunctions","","","Проверка открытия всплывающего окна заказа с деталями в фиде",""
"passed","Tue May 20 01:35:55 GMT+03:00 2025","Tue May 20 01:35:57 GMT+03:00 2025","1647","tests","test_recovery_password","TestPassRecovery","","","Проверка ввода почты и клик по кнопке «Восстановить»",""
"broken","Tue May 20 01:33:19 GMT+03:00 2025","Tue May 20 01:33:20 GMT+03:00 2025","210","tests","test_feed_functions","TestFeedFunctions","","","Проверка, что при создании нового заказа счётчик Выполнено за всё время увеличивается",""
"broken","Tue May 20 01:36:58 GMT+03:00 2025","Tue May 20 01:36:58 GMT+03:00 2025","3","tests","test_user_personal_account","TestUserPersonalAccount","","","Проверка перехода по клику на «Личный кабинет»",""
"passed","Tue May 20 01:33:45 GMT+03:00 2025","Tue May 20 01:33:46 GMT+03:00 2025","497","tests","test_main_functions","TestMainFunctions","","","Проверка перехода по клику на «Лента Заказов»",""
"broken","Tue May 20 01:33:20 GMT+03:00 2025","Tue May 20 01:33:20 GMT+03:00 2025","101","tests","test_feed_functions","TestFeedFunctions","","","Проверка, что при создании нового заказа его номер появляется в разделе В работе",""
"passed","Tue May 20 01:34:19 GMT+03:00 2025","Tue May 20 01:34:19 GMT+03:00 2025","847","tests","test_main_functions","TestMainFunctions","","","Проверка если кликнуть на ингредиент, появится всплывающее окно с деталями",""
"passed","Tue May 20 01:37:15 GMT+03:00 2025","Tue May 20 01:37:16 GMT+03:00 2025","1192","tests","test_user_personal_account","TestUserPersonalAccount","","","Проверка перехода в раздел «История заказов»",""
"passed","Tue May 20 01:33:57 GMT+03:00 2025","Tue May 20 01:33:58 GMT+03:00 2025","1014","tests","test_main_functions","TestMainFunctions","","","Проверка перехода по клику на «Лента Заказов»",""
"passed","Tue May 20 01:34:40 GMT+03:00 2025","Tue May 20 01:34:42 GMT+03:00 2025","1570","tests","test_main_functions","TestMainFunctions","","","Проверка, что всплывающее окно закрывается кликом по крестику",""
"passed","Tue May 20 01:34:50 GMT+03:00 2025","Tue May 20 01:34:51 GMT+03:00 2025","1063","tests","test_main_functions","TestMainFunctions","","","Проверка, при добавлении ингредиента в заказ, увеличивается количество данного ингредиента",""
"passed","Tue May 20 01:36:13 GMT+03:00 2025","Tue May 20 01:36:14 GMT+03:00 2025","1131","tests","test_recovery_password","TestPassRecovery","","","Проверка, что клик по кнопке показать/скрыть пароль делает поле активным — подсвечивает его",""
"failed","Tue May 20 01:35:07 GMT+03:00 2025","Tue May 20 01:35:09 GMT+03:00 2025","1270","tests","test_main_functions","TestMainFunctions","","","Проверка, что залогиненный пользователь может оформить заказ",""
"passed","Tue May 20 01:37:02 GMT+03:00 2025","Tue May 20 01:37:04 GMT+03:00 2025","1799","tests","test_user_personal_account","TestUserPersonalAccount","","","Проверка перехода в раздел «История заказов»",""
"failed","Tue May 20 01:35:02 GMT+03:00 2025","Tue May 20 01:35:03 GMT+03:00 2025","1248","tests","test_main_functions","TestMainFunctions","","","Проверка, при добавлении ингредиента в заказ, увеличивается количество данного ингредиента",""
"passed","Tue May 20 01:37:24 GMT+03:00 2025","Tue May 20 01:37:27 GMT+03:00 2025","2722","tests","test_user_personal_account","TestUserPersonalAccount","","","Проверка выхода из аккаунта",""
"broken","Tue May 20 01:36:25 GMT+03:00 2025","Tue May 20 01:36:36 GMT+03:00 2025","10997","tests","test_recovery_password","TestPassRecovery","","","Проверка, что клик по кнопке показать/скрыть пароль делает поле активным — подсвечивает его",""
"passed","Tue May 20 01:33:36 GMT+03:00 2025","Tue May 20 01:33:37 GMT+03:00 2025","1101","tests","test_main_functions","TestMainFunctions","","","Проверка перехода по клику на «Конструктор»",""
"passed","Tue May 20 01:37:39 GMT+03:00 2025","Tue May 20 01:37:40 GMT+03:00 2025","1810","tests","test_user_personal_account","TestUserPersonalAccount","","","Проверка выхода из аккаунта",""
"broken","Tue May 20 01:33:20 GMT+03:00 2025","Tue May 20 01:33:20 GMT+03:00 2025","104","tests","test_feed_functions","TestFeedFunctions","","","Проверка, что при создании нового заказа счётчик Выполнено за сегодня увеличивается",""
"passed","Tue May 20 01:35:21 GMT+03:00 2025","Tue May 20 01:35:22 GMT+03:00 2025","497","tests","test_recovery_password","TestPassRecovery","","","Проверка перехода на страницу восстановления пароля по кнопке «Восстановить пароль»",""
"passed","Tue May 20 01:36:40 GMT+03:00 2025","Tue May 20 01:36:42 GMT+03:00 2025","1704","tests","test_user_personal_account","TestUserPersonalAccount","","","Проверка перехода по клику на «Личный кабинет»",""
"passed","Tue May 20 01:33:24 GMT+03:00 2025","Tue May 20 01:33:25 GMT+03:00 2025","843","tests","test_main_functions","TestMainFunctions","","","Проверка перехода по клику на «Конструктор»",""
"passed","Tue May 20 01:34:06 GMT+03:00 2025","Tue May 20 01:34:07 GMT+03:00 2025","561","tests","test_main_functions","TestMainFunctions","","","Проверка если кликнуть на ингредиент, появится всплывающее окно с деталями",""
"passed","Tue May 20 01:35:33 GMT+03:00 2025","Tue May 20 01:35:34 GMT+03:00 2025","672","tests","test_recovery_password","TestPassRecovery","","","Проверка перехода на страницу восстановления пароля по кнопке «Восстановить пароль»",""
"passed","Tue May 20 01:35:16 GMT+03:00 2025","Tue May 20 01:35:17 GMT+03:00 2025","1022","tests","test_main_functions","TestMainFunctions","","","Проверка, что залогиненный пользователь может оформить заказ",""
"passed","Tue May 20 01:34:28 GMT+03:00 2025","Tue May 20 01:34:29 GMT+03:00 2025","1146","tests","test_main_functions","TestMainFunctions","","","Проверка, что всплывающее окно закрывается кликом по крестику",""
"passed","Tue May 20 01:35:42 GMT+03:00 2025","Tue May 20 01:35:43 GMT+03:00 2025","1703","tests","test_recovery_password","TestPassRecovery","","","Проверка ввода почты и клик по кнопке «Восстановить»",""
"passed","Tue May 20 01:33:12 GMT+03:00 2025","Tue May 20 01:33:19 GMT+03:00 2025","7423","tests","test_feed_functions","TestFeedFunctions","","","Проверка заказы пользователя из раздела «История заказов» отображаются на странице «Лента заказов»",""
